Time_s,Thermocouple_C,Ambient_C,Humidity_pct,Status
5.5,0.0,33.8,47.3,CHECK THERMOCOUPLE
7.5,0.0,33.8,47.2,CHECK THERMOCOUPLE
9.5,0.0,33.8,47.2,CHECK THERMOCOUPLE
11.5,0.0,33.8,47.3,CHECK THERMOCOUPLE
13.5,0.0,33.8,47.2,CHECK THERMOCOUPLE
21.5,0.0,33.8,47.3,CHECK THERMOCOUPLE
23.5,0.0,33.8,47.3,CHECK THERMOCOUPLE
25.6,0.0,33.8,47.3,CHECK THERMOCOUPLE
29.6,0.0,33.8,47.3,CHECK THERMOCOUPLE
45.6,0.0,33.9,47.3,CHECK THERMOCOUPLE
47.6,0.0,33.9,47.4,CHECK THERMOCOUPLE
49.6,0.0,33.9,47.4,CHECK THERMOCOUPLE
51.6,0.0,33.9,47.3,CHECK THERMOCOUPLE
57.6,0.0,33.9,47.3,CHECK THERMOCOUPLE
67.7,0.0,33.9,47.3,CHECK THERMOCOUPLE
69.7,0.0,33.9,47.3,CHECK THERMOCOUPLE
71.7,0.0,33.9,47.3,CHECK THERMOCOUPLE
73.7,0.0,33.9,47.3,CHECK THERMOCOUPLE
75.7,0.0,33.9,47.3,CHECK THERMOCOUPLE
77.7,0.0,33.9,47.3,CHECK THERMOCOUPLE
79.7,0.0,33.9,47.4,CHECK THERMOCOUPLE
81.7,0.0,33.9,47.4,CHECK THERMOCOUPLE
83.7,0.0,33.9,47.4,CHECK THERMOCOUPLE
85.7,0.0,33.9,47.5,CHECK THERMOCOUPLE
87.7,0.0,33.9,47.5,CHECK THERMOCOUPLE
89.7,0.0,33.9,47.5,CHECK THERMOCOUPLE
91.7,0.0,33.9,47.5,CHECK THERMOCOUPLE
99.7,0.0,33.9,47.5,CHECK THERMOCOUPLE
101.7,0.0,33.9,47.6,CHECK THERMOCOUPLE
103.7,0.0,33.9,47.6,CHECK THERMOCOUPLE
105.7,0.0,33.9,47.7,CHECK THERMOCOUPLE
107.7,0.0,33.9,47.7,CHECK THERMOCOUPLE
109.8,0.0,33.9,47.6,CHECK THERMOCOUPLE
